eventId,easting,northing,altitude,type,dipDir,dip,dipPolarity,val,displacement,posOnly
12644,579981.1005165087,7491848.410722251,642.7568014452568,0,32.80990953625107,90.0,1.0,0.0,0.0,0
12644,570352.7694740272,7496818.768336832,642.7568014452568,0,32.80990953625107,90.0,1.0,0.0,0.0,0
12644,588925.0374595015,7484755.362610769,697.1544851291677,0,32.80990953625107,90.0,1.0,0.0,0.0,0
2235,518096.9973750715,7494441.6748114275,420.0825585979116,0,52.52090791804787,90.0,1.0,0.0,0.0,0
2235,525339.8813088703,7483409.086638322,420.0825585979116,0,52.52090791804787,90.0,1.0,0.0,0.0,0
2235,512993.47237598023,7499445.514326456,551.3170318230653,0,52.52090791804787,90.0,1.0,0.0,0.0,0
11442,574954.798072833,7490047.655728189,657.9313869680592,0,43.275853434843015,90.0,1.0,0.0,0.0,0
11442,573918.7157749464,7488462.045868134,657.9313869680592,0,43.275853434843015,90.0,1.0,0.0,0.0,0
11442,566568.2956459305,7495384.906402484,636.5090491641915,0,43.275853434843015,90.0,1.0,0.0,0.0,0
3496,526231.3724276018,7494327.372077916,429.3142620800888,0,55.70146833240621,90.0,1.0,0.0,0.0,0
3496,534537.452683474,7483840.619506581,429.3142620800888,0,55.70146833240621,90.0,1.0,0.0,0.0,0
3496,522113.3876208981,7502043.1097533,539.735080088115,0,55.70146833240621,90.0,1.0,0.0,0.0,0
5298,512909.2387556317,7494870.662310163,582.4248537275571,0,26.5471593816318,90.0,1.0,0.0,0.0,0
5298,509418.4322414504,7495415.922584504,582.4248537275571,0,26.5471593816318,90.0,1.0,0.0,0.0,0
5298,516326.220237963,7491972.749237337,500.2418801750625,0,26.5471593816318,90.0,1.0,0.0,0.0,0
12647,526715.0991075769,7491681.103890713,543.4807732364213,0,56.971293272508966,90.0,1.0,0.0,0.0,0
12647,520254.07035587035,7501645.828355415,543.4807732364213,0,56.971293272508966,90.0,1.0,0.0,0.0,0
12647,530614.3269151066,7485758.641470995,422.5942560296636,0,56.971293272508966,90.0,1.0,0.0,0.0,0
2997,541889.4634801471,7493237.816934343,648.3912450929209,0,39.1048647422563,90.0,1.0,0.0,0.0,0
2997,545855.5288136824,7489472.243280806,648.3912450929209,0,39.1048647422563,90.0,1.0,0.0,0.0,0
2997,534431.82385608,7498707.667424292,518.1189397229581,0,39.1048647422563,90.0,1.0,0.0,0.0,0
1236,570822.3894621568,7494540.12714508,636.8229716978971,0,44.209936855007385,90.0,1.0,0.0,0.0,0
1236,569367.1153046709,7496396.674866256,636.8229716978971,0,44.209936855007385,90.0,1.0,0.0,0.0,0
1236,573746.7953745179,7492096.506215859,811.7213357750197,0,44.209936855007385,90.0,1.0,0.0,0.0,0
2689,500979.61177695723,7498649.39281931,452.41411920134806,0,52.66032501447204,90.0,1.0,0.0,0.0,0
2689,500036.83509192243,7499968.3068956705,452.41411920134806,0,52.66032501447204,90.0,1.0,0.0,0.0,0
2689,503403.6516119671,7495567.928573796,536.9070899362871,0,52.66032501447204,90.0,1.0,0.0,0.0,0
3498,532887.9645624646,7501073.938329473,589.7618384917727,0,53.45748321344408,90.0,1.0,0.0,0.0,0
3498,539449.3939369986,7491538.880497786,589.7618384917727,0,53.45748321344408,90.0,1.0,0.0,0.0,0
3498,530162.2469159865,7504195.030823465,575.152788930206,0,53.45748321344408,90.0,1.0,0.0,0.0,0
2688,506800.827937649,7498375.853897688,677.6484196520377,0,33.7402458357212,90.0,1.0,0.0,0.0,0
2688,510580.6105175285,7496901.800384147,677.6484196520377,0,33.7402458357212,90.0,1.0,0.0,0.0,0
2688,503781.4452667095,7501476.453649304,467.3460895168004,0,33.7402458357212,90.0,1.0,0.0,0.0,0
2843,513724.8896554893,7500845.3116159085,731.9400403916065,0,49.99782018838791,90.0,1.0,0.0,0.0,0
2843,505873.9746885416,7508715.418492568,731.9400403916065,0,49.99782018838791,90.0,1.0,0.0,0.0,0
2843,519919.9818801044,7492036.610200231,519.4863744718613,0,49.99782018838791,90.0,1.0,0.0,0.0,0
14378,515145.5912388599,7505428.532243709,555.6077465544189,0,46.07272475480573,90.0,1.0,0.0,0.0,0
14378,504075.2404925867,7512472.959715385,555.6077465544189,0,46.07272475480573,90.0,1.0,0.0,0.0,0
14378,520618.8486109716,7495391.061350935,507.4629925593084,0,46.07272475480573,90.0,1.0,0.0,0.0,0
12658,548874.5583350133,7507054.651959002,633.5715368688767,0,66.11421618350484,90.0,1.0,0.0,0.0,0
12658,546585.2929352815,7512660.806193112,633.5715368688767,0,66.11421618350484,90.0,1.0,0.0,0.0,0
12658,552744.8924771498,7498756.177775554,541.8593214535349,0,66.11421618350484,90.0,1.0,0.0,0.0,0
12660,514399.3867885048,7510122.299038402,523.8653067240126,0,24.411995116881464,90.0,1.0,0.0,0.0,0
12660,509472.9562747442,7514270.24573769,523.8653067240126,0,24.411995116881464,90.0,1.0,0.0,0.0,0
12660,521085.4451553492,7509046.558838925,579.7598242768389,0,24.411995116881464,90.0,1.0,0.0,0.0,0
15552,512526.98262292997,7509902.546188469,557.3562609451363,0,35.52296838163551,90.0,1.0,0.0,0.0,0
15552,515382.34475164994,7509780.346864983,557.3562609451363,0,35.52296838163551,90.0,1.0,0.0,0.0,0
15552,508133.7843693315,7514910.21923192,531.7466924003744,0,35.52296838163551,90.0,1.0,0.0,0.0,0
16769,519547.8651731217,7512894.376448631,581.2868059476646,0,13.373732696178848,90.0,1.0,0.0,0.0,0
16769,522365.5070130882,7512061.426197275,581.2868059476646,0,13.373732696178848,90.0,1.0,0.0,0.0,0
16769,516248.1428695117,7513545.881279453,549.2135322602205,0,13.373732696178848,90.0,1.0,0.0,0.0,0
2248,520475.67497513635,7514075.151921237,582.7663601211523,0,48.88701995853586,90.0,1.0,0.0,0.0,0
2248,522789.1023091477,7511480.384389426,582.7663601211523,0,48.88701995853586,90.0,1.0,0.0,0.0,0
2248,517913.5358493616,7517035.097026353,568.4485128367749,0,48.88701995853586,90.0,1.0,0.0,0.0,0
8973,531241.8194013219,7520906.107062892,555.0025430948003,0,40.806184428254,90.0,1.0,0.0,0.0,0
8973,528119.361423842,7523721.1258865865,555.0025430948003,0,40.806184428254,90.0,1.0,0.0,0.0,0
8973,533131.3806656271,7519374.191787437,605.0930269492213,0,40.806184428254,90.0,1.0,0.0,0.0,0
10659,528686.2533980072,7529389.106946154,574.0509949107919,0,14.026025727855142,90.0,1.0,0.0,0.0,0
10659,531038.7995576409,7528344.77848798,574.0509949107919,0,14.026025727855142,90.0,1.0,0.0,0.0,0
10659,525013.9214779158,7529767.391581677,575.5047493433143,0,14.026025727855142,90.0,1.0,0.0,0.0,0
16896,520692.0905288934,7461173.581932945,423.82233536921774,0,47.94487060659327,90.0,1.0,0.0,0.0,0
16896,524154.7574069893,7455298.962039496,423.82233536921774,0,47.94487060659327,90.0,1.0,0.0,0.0,0
16896,515776.50794037885,7464611.352804131,341.91437384518133,0,47.94487060659327,90.0,1.0,0.0,0.0,0
16245,540989.9252665642,7459765.537625822,501.5197965528012,0,60.22565772780899,90.0,1.0,0.0,0.0,0
16245,543539.8620878423,7455358.326133581,501.5197965528012,0,60.22565772780899,90.0,1.0,0.0,0.0,0
16245,539109.2981045573,7463107.847452039,401.8951167519793,0,60.22565772780899,90.0,1.0,0.0,0.0,0
12618,513274.9041884743,7459735.6409747265,325.5702445347029,0,41.92072984142444,90.0,1.0,0.0,0.0,0
12618,511141.6924730885,7462892.002099396,325.5702445347029,0,41.92072984142444,90.0,1.0,0.0,0.0,0
12618,517085.047286683,7457550.259709804,356.07713950423334,0,41.92072984142444,90.0,1.0,0.0,0.0,0
16397,529374.421174861,7461128.932078858,399.7854620991609,0,6.238976908330365,90.0,1.0,0.0,0.0,0
16397,520897.7315564408,7460861.925598088,399.7854620991609,0,6.238976908330365,90.0,1.0,0.0,0.0,0
16397,533870.5149912088,7459493.088423033,382.4652044348103,0,6.238976908330365,90.0,1.0,0.0,0.0,0
2837,531493.6760961476,7461648.492330862,444.2622677563497,0,44.50019196782247,90.0,1.0,0.0,0.0,0
2837,527882.6122555431,7464724.664728587,444.2622677563497,0,44.50019196782247,90.0,1.0,0.0,0.0,0
2837,536398.8900915749,7456326.89456998,520.3357989649967,0,44.50019196782247,90.0,1.0,0.0,0.0,0
15527,513726.23388706206,7462984.582165371,322.80743713753134,0,85.54711249044576,90.0,1.0,0.0,0.0,0
15527,512816.3630076655,7465133.407430585,322.80743713753134,0,85.54711249044576,90.0,1.0,0.0,0.0,0
15527,513189.7042662688,7459800.001461091,325.3695954070476,0,85.54711249044576,90.0,1.0,0.0,0.0,0
313,529824.0867260977,7464556.19574402,414.5694099990072,0,12.835156603038635,90.0,1.0,0.0,0.0,0
313,521598.64095872425,7467151.91171046,414.5694099990072,0,12.835156603038635,90.0,1.0,0.0,0.0,0
313,538597.5103641954,7463350.7201862745,399.5220098367405,0,12.835156603038635,90.0,1.0,0.0,0.0,0
5001,533184.4464623133,7465765.864866976,466.1578026429793,0,4.972756077914865,90.0,1.0,0.0,0.0,0
5001,530601.6160168932,7466023.973063518,466.1578026429793,0,4.972756077914865,90.0,1.0,0.0,0.0,0
5001,538511.0323347338,7465371.754021417,417.07895651411286,0,4.972756077914865,90.0,1.0,0.0,0.0,0
16502,513748.63654412725,7464168.298687573,405.3336813368627,0,41.77660927807686,90.0,1.0,0.0,0.0,0
16502,500088.636159248,7473677.406499582,405.3336813368627,0,41.77660927807686,90.0,1.0,0.0,0.0,0
16502,518383.3524576889,7457298.031305014,335.5242240154611,0,41.77660927807686,90.0,1.0,0.0,0.0,0
7805,596210.5587795706,7465611.930292693,641.2857865068407,0,111.19009399740092,90.0,1.0,0.0,0.0,0
7805,597419.260252491,7469069.152412402,641.2857865068407,0,111.19009399740092,90.0,1.0,0.0,0.0,0
7805,594958.3901707003,7462880.382369451,812.116543792174,0,111.19009399740092,90.0,1.0,0.0,0.0,0
16825,519834.19573607284,7467246.434439824,424.6680648295325,0,29.514297370732294,90.0,1.0,0.0,0.0,0
16825,530984.9534250546,7462010.055699523,424.6680648295325,0,29.514297370732294,90.0,1.0,0.0,0.0,0
16825,505886.8264247662,7476245.342489799,434.88578360510513,0,29.514297370732294,90.0,1.0,0.0,0.0,0
16744,579706.0568921055,7470860.855008767,605.1747414810243,0,3.95826479565298,90.0,1.0,0.0,0.0,0
16744,602512.5334455073,7469178.540188596,605.1747414810243,0,3.95826479565298,90.0,1.0,0.0,0.0,0
16744,561948.2866436646,7471934.015863926,632.6477538082753,0,3.95826479565298,90.0,1.0,0.0,0.0,0
15531,594229.7576681485,7472352.206904035,680.5310682191453,0,30.557092042035123,90.0,1.0,0.0,0.0,0
15531,595280.1216109813,7475133.071405537,680.5310682191453,0,30.557092042035123,90.0,1.0,0.0,0.0,0
15531,603011.2257796214,7470582.843528843,596.6390825669487,0,30.557092042035123,90.0,1.0,0.0,0.0,0
7966,513577.50851631927,7471835.393133086,473.18758779339976,0,41.747920892103394,90.0,1.0,0.0,0.0,0
7966,523071.81774271594,7465387.997591517,473.18758779339976,0,41.747920892103394,90.0,1.0,0.0,0.0,0
7966,507973.42213014554,7478923.287508542,387.8696115781905,0,41.747920892103394,90.0,1.0,0.0,0.0,0
16816,507285.3333723913,7472763.625772263,378.3808084088034,0,20.371235291900547,90.0,1.0,0.0,0.0,0
16816,515372.7650413569,7469382.561584779,378.3808084088034,0,20.371235291900547,90.0,1.0,0.0,0.0,0
16816,500060.5644663896,7475115.008817376,479.0536845131024,0,20.371235291900547,90.0,1.0,0.0,0.0,0
17182,505033.5858849657,7472932.815383595,458.5334008587917,0,19.44580142097976,90.0,1.0,0.0,0.0,0
17182,509903.4369054046,7470989.43335387,458.5334008587917,0,19.44580142097976,90.0,1.0,0.0,0.0,0
17182,500060.85290851875,7474513.741505527,466.76547167480135,0,19.44580142097976,90.0,1.0,0.0,0.0,0
12627,571089.5520406804,7471833.278154749,771.3023000456074,0,41.59814075327045,90.0,1.0,0.0,0.0,0
12627,567008.3335758926,7475402.152289841,771.3023000456074,0,41.59814075327045,90.0,1.0,0.0,0.0,0
12627,572123.1157175014,7470854.116172369,725.2125612110485,0,41.59814075327045,90.0,1.0,0.0,0.0,0
16503,505861.5247581152,7476270.359228404,485.0553020514277,0,34.85197514620752,90.0,1.0,0.0,0.0,0
16503,502229.76729199855,7478703.712994158,485.0553020514277,0,34.85197514620752,90.0,1.0,0.0,0.0,0
16503,509971.9708326824,7473350.1280903835,379.82836412003365,0,34.85197514620752,90.0,1.0,0.0,0.0,0
2229,515607.1564930821,7476693.523869306,383.672957976778,0,67.66166258636025,90.0,1.0,0.0,0.0,0
2229,517547.31357266457,7473116.320468787,383.672957976778,0,67.66166258636025,90.0,1.0,0.0,0.0,0
2229,515070.901501836,7478927.490935278,399.32706793741056,0,67.66166258636025,90.0,1.0,0.0,0.0,0
7344,512351.40358184156,7478364.097724973,478.77458668661234,0,45.46705435997123,90.0,1.0,0.0,0.0,0
7344,546414.9021721906,7455307.40432162,478.77458668661234,0,45.46705435997123,90.0,1.0,0.0,0.0,0
7344,500368.47813526663,7502211.828102043,449.7049918269355,0,45.46705435997123,90.0,1.0,0.0,0.0,0
6519,569978.4286205709,7475955.299650945,782.6696148828775,0,43.0542172169251,90.0,1.0,0.0,0.0,0
6519,563971.8197404201,7481580.2869234495,782.6696148828775,0,43.0542172169251,90.0,1.0,0.0,0.0,0
6519,574459.478346316,7471895.734007073,699.7395511296858,0,43.0542172169251,90.0,1.0,0.0,0.0,0
958,502225.01320089644,7478811.05321562,464.76603739806666,0,56.56220795207372,90.0,1.0,0.0,0.0,0
958,505801.77442059654,7474252.793450372,464.76603739806666,0,56.56220795207372,90.0,1.0,0.0,0.0,0
958,500039.4631062322,7482936.979696658,604.0552719791394,0,56.56220795207372,90.0,1.0,0.0,0.0,0
6825,592231.3812901318,7482382.890162216,641.0486071868131,0,30.229565223990416,90.0,1.0,0.0,0.0,0
6825,568677.0897725485,7497142.337400433,641.0486071868131,0,30.229565223990416,90.0,1.0,0.0,0.0,0
6825,603016.5530128103,7477127.172764073,612.7546512932465,0,30.229565223990416,90.0,1.0,0.0,0.0,0
7436,538449.9042503805,7480451.51544682,397.9589492269256,0,4.4277533573075365,90.0,1.0,0.0,0.0,0
7436,524630.2767633343,7480146.972770359,397.9589492269256,0,4.4277533573075365,90.0,1.0,0.0,0.0,0
7436,544931.7602168755,7478543.152934327,461.8418699984372,0,4.4277533573075365,90.0,1.0,0.0,0.0,0
2996,582173.2760564996,7480712.7581701325,650.3662354046648,0,173.0410193182894,90.0,1.0,0.0,0.0,0
2996,593979.1708720803,7481345.746865482,650.3662354046648,0,173.0410193182894,90.0,1.0,0.0,0.0,0
2996,572745.7200803051,7478678.269733444,679.3394840054945,0,173.0410193182894,90.0,1.0,0.0,0.0,0
16754,565484.1071241967,7479160.232847345,710.3655032706833,0,34.01561679267863,90.0,1.0,0.0,0.0,0
16754,566993.9661644169,7478149.638132769,710.3655032706833,0,34.01561679267863,90.0,1.0,0.0,0.0,0
16754,560361.2591246769,7482640.507658483,660.5656407560657,0,34.01561679267863,90.0,1.0,0.0,0.0,0
2840,575932.4096800354,7481577.982062863,631.4214171998198,0,31.278022685467413,90.0,1.0,0.0,0.0,0
2840,571349.0854272391,7485669.070361264,631.4214171998198,0,31.278022685467413,90.0,1.0,0.0,0.0,0
2840,579517.0565637014,7480677.527622783,770.8172246088791,0,31.278022685467413,90.0,1.0,0.0,0.0,0
7967,505910.87320793164,7484605.297996064,387.8696115781905,0,72.51984590468575,90.0,1.0,0.0,0.0,0
7967,507996.0919929063,7478840.359110764,387.8696115781905,0,72.51984590468575,90.0,1.0,0.0,0.0,0
7967,504990.0796641016,7488475.286805423,609.8195982479979,0,72.51984590468575,90.0,1.0,0.0,0.0,0
17127,509556.44663857954,7458736.362165585,283.38533380635573,0,13.812164480142718,90.0,1.0,0.0,0.0,0
17127,500067.1721804288,7460666.944937624,283.38533380635573,0,13.812164480142718,90.0,1.0,0.0,0.0,0
17127,519090.06348525576,7455971.256245007,336.3165400080355,0,13.812164480142718,90.0,1.0,0.0,0.0,0
6522,508332.3676975564,7485032.099593248,494.9480687672841,0,74.982683435388,90.0,1.0,0.0,0.0,0
6522,507885.23327551875,7487307.813534065,494.9480687672841,0,74.982683435388,90.0,1.0,0.0,0.0,0
6522,509207.6482010673,7482475.270674344,434.65441273473016,0,74.982683435388,90.0,1.0,0.0,0.0,0
10762,517787.26961692295,7485741.11978363,451.7673461084949,0,32.98260362508552,90.0,1.0,0.0,0.0,0
10762,521409.40707130573,7482630.667957213,451.7673461084949,0,32.98260362508552,90.0,1.0,0.0,0.0,0
10762,513626.7146878107,7487607.875012173,508.7062446009835,0,32.98260362508552,90.0,1.0,0.0,0.0,0
8551,575853.3648587388,7484494.213190674,821.9829680983573,0,41.44798711890053,90.0,1.0,0.0,0.0,0
8551,581014.2587702147,7480753.370976676,821.9829680983573,0,41.44798711890053,90.0,1.0,0.0,0.0,0
8551,569904.4647671663,7490545.6264766175,633.6660310209669,0,41.44798711890053,90.0,1.0,0.0,0.0,0
7099,520247.68802028464,7485390.446887082,570.9940181495076,0,49.55815569579521,90.0,1.0,0.0,0.0,0
7099,517932.659624386,7488437.787179371,570.9940181495076,0,49.55815569579521,90.0,1.0,0.0,0.0,0
7099,522293.6486178658,7483320.263955859,459.9406050323794,0,49.55815569579521,90.0,1.0,0.0,0.0,0
7439,542523.722310435,7488785.835881448,644.9098565887881,0,22.13533612257507,90.0,1.0,0.0,0.0,0
7439,560090.8741901398,7479676.303081577,644.9098565887881,0,22.13533612257507,90.0,1.0,0.0,0.0,0
7439,527387.6060631179,7492982.359202948,482.669558457972,0,22.13533612257507,90.0,1.0,0.0,0.0,0
5997,504367.76748178457,7485779.348563948,604.5719705282856,0,51.38347614165416,90.0,1.0,0.0,0.0,0
5997,500014.5202526613,7490205.886001397,604.5719705282856,0,51.38347614165416,90.0,1.0,0.0,0.0,0
5997,507169.32017504825,7481408.577237171,420.1513274243202,0,51.38347614165416,90.0,1.0,0.0,0.0,0
5993,543011.6338592262,7490119.495671988,660.1551734704499,0,52.15096703296278,90.0,1.0,0.0,0.0,0
5993,546511.4064366645,7487256.594446576,660.1551734704499,0,52.15096703296278,90.0,1.0,0.0,0.0,0
5993,541865.0091555612,7493218.738859853,549.2275235539195,0,52.15096703296278,90.0,1.0,0.0,0.0,0
12642,566288.8115023666,7494773.532027132,603.6002693992011,0,46.59218504695387,90.0,1.0,0.0,0.0,0
12642,561827.1963537501,7495593.426459163,603.6002693992011,0,46.59218504695387,90.0,1.0,0.0,0.0,0
12642,571278.3121682898,7485643.267528645,631.4214171998198,0,46.59218504695387,90.0,1.0,0.0,0.0,0
6205,505783.5906032857,7487226.989228208,388.78375137784064,0,54.72612326961037,90.0,1.0,0.0,0.0,0
6205,511855.4801616171,7478922.86794903,388.78375137784064,0,54.72612326961037,90.0,1.0,0.0,0.0,0
6205,500044.7681213475,7495486.256529986,522.1702659448754,0,54.72612326961037,90.0,1.0,0.0,0.0,0
12644,570311.4929043455,7496780.228313292,642.7568014452568,0,,,,0.0,0.0,1
12644,574188.2042362281,7494814.092428354,674.1587901263023,0,,,,0.0,0.0,1
12644,579310.3394921377,7492348.730823241,723.5026063182219,0,,,,0.0,0.0,1
12644,579977.0275643163,7491821.450429694,721.1551298156088,0,,,,0.0,0.0,1
12644,583411.8597821177,7487700.9576475965,780.8989278744897,0,,,,0.0,0.0,1
12644,585971.8541204651,7485041.848368289,762.1138249880526,0,,,,0.0,0.0,1
12644,588980.1586431514,7484774.74290519,697.1544851291677,0,,,,0.0,0.0,1
2235,525308.3610952819,7483326.875402971,420.0825585979116,0,,,,0.0,0.0,1
2235,522853.6766930593,7486294.767172879,469.1703389234175,0,,,,0.0,0.0,1
2235,521128.6268772787,7489083.569932335,515.1286857839648,0,,,,0.0,0.0,1
2235,518922.7640990009,7493596.459932849,513.5177838397801,0,,,,0.0,0.0,1
2235,518131.9213095482,7494485.953056788,527.412566838728,0,,,,0.0,0.0,1
2235,516837.7286584176,7495831.247249309,533.4191887633333,0,,,,0.0,0.0,1
2235,515066.18185391475,7497657.18748684,540.5751251379415,0,,,,0.0,0.0,1
2235,514357.5958869002,7498248.436667016,584.5373311093429,0,,,,0.0,0.0,1
2235,512945.5565486147,7499496.809908,551.3170318230653,0,,,,0.0,0.0,1
11442,573929.543374109,7488492.632211827,657.9313869680592,0,,,,0.0,0.0,1
11442,574825.593064609,7489120.992052874,675.9790631847706,0,,,,0.0,0.0,1
11442,575284.4625792677,7489477.532776595,706.6346490503133,0,,,,0.0,0.0,1
11442,575222.4641264636,7489873.072212205,708.5232805757576,0,,,,0.0,0.0,1
11442,574981.8702469011,7490094.078312925,688.9208623284259,0,,,,0.0,0.0,1
11442,574495.9594115883,7490397.468032512,718.497613893797,0,,,,0.0,0.0,1
11442,572018.3036706817,7492270.656561877,707.0234283143608,0,,,,0.0,0.0,1
11442,568184.9752620127,7494721.578514268,671.3811814324263,0,,,,0.0,0.0,1
11442,566569.822127858,7495397.268420482,636.5090491641915,0,,,,0.0,0.0,1
3496,534531.3672421154,7483809.88924178,429.3142620800888,0,,,,0.0,0.0,1
3496,532537.3210665651,7485991.221023141,443.4765761108016,0,,,,0.0,0.0,1
3496,529930.5109340836,7489769.028155844,489.97050230208407,0,,,,0.0,0.0,1
3496,527042.1353832609,7493232.062439078,497.9400603256929,0,,,,0.0,0.0,1
3496,526194.8577174451,7494279.12530539,472.7721452768339,0,,,,0.0,0.0,1
3496,525761.0122734077,7495988.211675149,490.8141974177562,0,,,,0.0,0.0,1
3496,524539.1464163935,7500031.944818088,552.4211610071043,0,,,,0.0,0.0,1
3496,523524.79670815496,7500968.663916818,614.5989892607598,0,,,,0.0,0.0,1
3496,522157.42690048745,7502033.741813197,539.735080088115,0,,,,0.0,0.0,1
5298,509474.1215969413,7495450.113091342,582.4248537275571,0,,,,0.0,0.0,1
5298,511923.9879794326,7495133.588822565,576.5280508534154,0,,,,0.0,0.0,1
5298,512904.5063291951,7494843.875187385,554.2653764683454,0,,,,0.0,0.0,1
5298,513963.7587227554,7494366.256270895,572.6728438951723,0,,,,0.0,0.0,1
5298,515725.60362713813,7492268.237528155,524.5066398257829,0,,,,0.0,0.0,1
5298,516334.7874986929,7491982.361639283,500.2418801750625,0,,,,0.0,0.0,1
12647,520319.60518166964,7501634.68521246,543.4807732364213,0,,,,0.0,0.0,1
12647,523426.2756903594,7498413.767541976,494.5151269356894,0,,,,0.0,0.0,1
12647,525702.7382201831,7493446.621880027,491.506362453692,0,,,,0.0,0.0,1
12647,526693.4460537541,7491694.892104328,469.2379648580596,0,,,,0.0,0.0,1
12647,528236.4922270821,7489010.357350568,473.4808354852652,0,,,,0.0,0.0,1
12647,529474.9187140267,7487153.161022711,442.3136964344605,0,,,,0.0,0.0,1
12647,530623.2735203629,7485721.568018413,422.5942560296636,0,,,,0.0,0.0,1
2997,545838.2710402397,7489435.668926297,648.3912450929209,0,,,,0.0,0.0,1
2997,544557.6161894017,7491290.3380577285,616.992185829115,0,,,,0.0,0.0,1
2997,543788.3071361794,7492165.866829554,562.4016882772395,0,,,,0.0,0.0,1
2997,541894.9424378807,7493260.142528193,549.2275235539195,0,,,,0.0,0.0,1
2997,541274.4933829333,7493498.224937497,533.9483073316779,0,,,,0.0,0.0,1
2997,538990.0420730272,7496611.8284412725,479.0283026310205,0,,,,0.0,0.0,1
2997,536410.584109166,7498250.707231569,494.69769914941855,0,,,,0.0,0.0,1
2997,534438.0187264294,7498775.223372079,518.1189397229581,0,,,,0.0,0.0,1
1236,569337.4712028425,7496333.582324022,636.8229716978971,0,,,,0.0,0.0,1
1236,570818.1805089967,7494476.109723901,666.0669075777682,0,,,,0.0,0.0,1
1236,573004.6627156921,7492530.549508363,831.4135672570976,0,,,,0.0,0.0,1
1236,573751.5499935945,7492111.288311631,811.7213357750197,0,,,,0.0,0.0,1
2689,500038.1808030908,7499886.238820508,452.41411920134806,0,,,,0.0,0.0,1
2689,500852.74596311187,7498964.444820261,468.0470695729997,0,,,,0.0,0.0,1
2689,500972.4264932995,7498699.253480654,471.43816456389885,0,,,,0.0,0.0,1
2689,502501.510722569,7496819.579121332,492.18836224463627,0,,,,0.0,0.0,1
2689,503378.13707560144,7495570.7267269185,536.9070899362871,0,,,,0.0,0.0,1
3498,539468.8499737305,7491519.024013139,589.7618384917727,0,,,,0.0,0.0,1
3498,536504.4693395563,7495883.012567043,477.1783618328489,0,,,,0.0,0.0,1
3498,532992.3973472676,7500836.342560091,557.9608690382947,0,,,,0.0,0.0,1
3498,532820.2489302726,7501084.214943359,558.7582212910231,0,,,,0.0,0.0,1
3498,532476.5611880659,7501553.2210747115,667.2782889840447,0,,,,0.0,0.0,1
3498,531088.1623856202,7503164.965217894,598.5573352847921,0,,,,0.0,0.0,1
3498,530128.0203710955,7504173.546412564,575.152788930206,0,,,,0.0,0.0,1
2688,510603.7559926627,7496919.566134582,677.6484196520377,0,,,,0.0,0.0,1
2688,506833.3883729501,7498417.39122885,536.4331241045577,0,,,,0.0,0.0,1
2688,506095.48139018763,7498926.378561239,526.712505999653,0,,,,0.0,0.0,1
2688,503817.13026497164,7501399.168666573,467.3460895168004,0,,,,0.0,0.0,1
2843,505817.9994149101,7508707.633540323,731.9400403916065,0,,,,0.0,0.0,1
2843,508919.86131626816,7505580.220947037,521.4830929677058,0,,,,0.0,0.0,1
2843,509774.4434721654,7504544.868669249,500.9693805474518,0,,,,0.0,0.0,1
2843,511919.4312488185,7503177.905057097,488.7792855456284,0,,,,0.0,0.0,1
2843,513090.36830769764,7501701.477052943,501.1010090262406,0,,,,0.0,0.0,1
2843,513693.3869182201,7500828.774060379,514.673006174426,0,,,,0.0,0.0,1
2843,514464.06126863795,7500245.694322332,523.9600101600705,0,,,,0.0,0.0,1
2843,516052.66811494145,7498787.197416616,549.1388203232482,0,,,,0.0,0.0,1
2843,517404.87367973453,7497642.293272432,534.0084003284671,0,,,,0.0,0.0,1
2843,518747.0020940773,7495662.3544855025,520.4894173998476,0,,,,0.0,0.0,1
2843,519946.0561010937,7491997.557389027,519.4863744718613,0,,,,0.0,0.0,1
14378,504040.58371256356,7512514.260508665,555.6077465544189,0,,,,0.0,0.0,1
14378,508141.51297696494,7510958.919809997,548.6288686007591,0,,,,0.0,0.0,1
14378,509508.53390997584,7509298.20635654,565.1246011523693,0,,,,0.0,0.0,1
14378,510357.3937690962,7508315.267089335,546.7119400248381,0,,,,0.0,0.0,1
14378,513368.83742243476,7507133.158377703,627.1993757463783,0,,,,0.0,0.0,1
14378,514861.4105341538,7505978.153076643,525.8426760489269,0,,,,0.0,0.0,1
14378,515175.1628791114,7505425.688623806,528.4188394520011,0,,,,0.0,0.0,1
14378,516363.74122539815,7503140.81629475,507.1374611633408,0,,,,0.0,0.0,1
14378,517335.1413695651,7501916.891541902,521.1968501507412,0,,,,0.0,0.0,1
14378,518464.28355029627,7500482.831358372,530.3896202332489,0,,,,0.0,0.0,1
14378,518944.8482253238,7499340.426789463,532.7829080204357,0,,,,0.0,0.0,1
14378,519326.0077094935,7498460.362668837,515.5841399630373,0,,,,0.0,0.0,1
14378,520582.66654486407,7495314.083714906,507.4629925593084,0,,,,0.0,0.0,1
12658,546550.2626935743,7512664.75200624,633.5715368688767,0,,,,0.0,0.0,1
12658,547981.5160420865,7511037.178706556,589.1403323705853,0,,,,0.0,0.0,1
12658,548883.2523592646,7508967.929368845,548.0253229847979,0,,,,0.0,0.0,1
12658,548854.9083298503,7507065.9663326405,541.5795853426429,0,,,,0.0,0.0,1
12658,548608.1038882793,7502204.258068027,522.4534069963818,0,,,,0.0,0.0,1
12658,551199.2168214087,7499827.083277747,528.7680265330318,0,,,,0.0,0.0,1
12658,552774.7448849533,7498732.554544474,541.8593214535349,0,,,,0.0,0.0,1
12660,509515.59958068584,7514235.682326009,523.8653067240126,0,,,,0.0,0.0,1
12660,511828.2419425971,7511439.069470618,545.0798932953307,0,,,,0.0,0.0,1
12660,513493.31914689887,7510453.2199956,533.4223288960434,0,,,,0.0,0.0,1
12660,514425.0797500263,7510035.010378587,553.6613704820585,0,,,,0.0,0.0,1
12660,515733.94038005325,7509713.502668097,564.7825932396147,0,,,,0.0,0.0,1
12660,518883.3821023865,7509253.844058011,638.5720103289384,0,,,,0.0,0.0,1
12660,521010.7992789276,7509051.947371715,579.7598242768389,0,,,,0.0,0.0,1
15552,515374.0464736631,7509837.3675623145,557.3562609451363,0,,,,0.0,0.0,1
15552,513194.69053627393,7509452.851135624,558.1699522489946,0,,,,0.0,0.0,1
15552,512531.4754107841,7509902.471895103,551.4545877252534,0,,,,0.0,0.0,1
15552,511342.7298683403,7510762.9047512375,549.763651650707,0,,,,0.0,0.0,1
15552,509871.2230430571,7512476.166101929,532.0012756561216,0,,,,0.0,0.0,1
15552,508106.24521755986,7514993.02594484,531.7466924003744,0,,,,0.0,0.0,1
16769,522446.1522936298,7512020.49927776,581.2868059476646,0,,,,0.0,0.0,1
16769,519580.5607959511,7512891.4489751635,598.4259067774094,0,,,,0.0,0.0,1
16769,518762.7555398838,7513099.207609567,587.8186614650692,0,,,,0.0,0.0,1
16769,516293.5838554058,7513543.87586566,549.2135322602205,0,,,,0.0,0.0,1
2248,522777.5968499564,7511557.034845491,582.7663601211523,0,,,,0.0,0.0,1
2248,520503.18444025033,7514122.165477283,611.3601946167274,0,,,,0.0,0.0,1
2248,518980.98422305443,7515834.802476606,598.0493195835795,0,,,,0.0,0.0,1
2248,517985.14155543875,7517047.881539807,568.4485128367749,0,,,,0.0,0.0,1
8973,528118.3453525936,7523678.838625644,555.0025430948003,0,,,,0.0,0.0,1
8973,530963.9005645076,7521220.64066706,575.6271674432671,0,,,,0.0,0.0,1
8973,531250.2596885184,7520950.475239856,579.7999437858616,0,,,,0.0,0.0,1
8973,532526.6902013156,7519672.576655963,613.6565349641667,0,,,,0.0,0.0,1
8973,533104.0183096519,7519366.909654486,605.0930269492213,0,,,,0.0,0.0,1
10659,531060.6077696264,7528349.142664471,574.0509949107919,0,,,,0.0,0.0,1
10659,528666.2848876284,7529367.460488114,586.8872611480192,0,,,,0.0,0.0,1
10659,527453.6191093787,7529654.557083153,612.9531366005068,0,,,,0.0,0.0,1
10659,525072.9500644384,7529768.565960019,575.5047493433143,0,,,,0.0,0.0,1
16896,524109.6694547,7455341.6746865455,423.82233536921774,0,,,,0.0,0.0,1
16896,521806.2301955877,7459195.382145845,354.8748876503455,0,,,,0.0,0.0,1
16896,520684.46453846584,7461092.17506921,422.73428307937473,0,,,,0.0,0.0,1
16896,519023.9662820694,7463727.085299865,370.3023485324175,0,,,,0.0,0.0,1
16896,515680.5913207432,7464622.056548143,341.91437384518133,0,,,,0.0,0.0,1
16245,543578.1392956974,7455308.6250077365,501.5197965528012,0,,,,0.0,0.0,1
16245,541042.7069773524,7459700.508449036,422.9883467165072,0,,,,0.0,0.0,1
16245,539132.0811489191,7463081.62275257,401.8951167519793,0,,,,0.0,0.0,1
12618,511074.98589564045,7462839.138594405,325.5702445347029,0,,,,0.0,0.0,1
12618,512214.78327365406,7460556.273932424,341.67904236025254,0,,,,0.0,0.0,1
12618,513226.1347370211,7459710.211766741,325.3695954070476,0,,,,0.0,0.0,1
12618,514737.97842087323,7459048.464079438,328.05775864121824,0,,,,0.0,0.0,1
12618,517026.0186163775,7457500.029576928,356.07713950423334,0,,,,0.0,0.0,1
16397,520828.53703899373,7460932.174974774,399.7854620991609,0,,,,0.0,0.0,1
16397,526788.3056241708,7460838.220186036,536.5869674367586,0,,,,0.0,0.0,1
16397,529298.5137358741,7461197.837451288,491.73024622174574,0,,,,0.0,0.0,1
16397,530475.9928516957,7460732.473926882,433.0750480174669,0,,,,0.0,0.0,1
16397,532814.7597412704,7459704.081807299,381.0571041253055,0,,,,0.0,0.0,1
16397,533815.8817727026,7459441.849124762,382.4652044348103,0,,,,0.0,0.0,1
2837,527841.1789790872,7464699.7522065565,444.2622677563497,0,,,,0.0,0.0,1
2837,530582.2220320723,7462531.410021774,427.6541786819553,0,,,,0.0,0.0,1
2837,531541.8612582373,7461693.094209694,408.3310541725029,0,,,,0.0,0.0,1
2837,532336.3918849946,7460568.487505848,383.2378910790113,0,,,,0.0,0.0,1
2837,533678.9764225393,7459648.334351134,382.3555075179107,0,,,,0.0,0.0,1
2837,536359.1703598982,7456348.6700833365,520.3357989649967,0,,,,0.0,0.0,1
15527,512834.69541490934,7465133.611222114,322.80743713753134,0,,,,0.0,0.0,1
15527,513728.5690530246,7462985.308214502,338.74845795116187,0,,,,0.0,0.0,1
15527,513234.5706953912,7459727.038066033,325.3695954070476,0,,,,0.0,0.0,1
313,521584.8896764682,7467195.466439034,414.5694099990072,0,,,,0.0,0.0,1
313,529826.6436568076,7464551.616815143,455.2291855354406,0,,,,0.0,0.0,1
313,538670.6684434292,7463305.440891291,399.5220098367405,0,,,,0.0,0.0,1
5001,530617.736191449,7465985.146563566,466.1578026429793,0,,,,0.0,0.0,1
5001,533214.1056300892,7465749.046229154,438.80248124149887,0,,,,0.0,0.0,1
5001,538467.205317771,7465286.620888704,417.07895651411286,0,,,,0.0,0.0,1
16502,500004.9261001043,7473611.975138968,405.3336813368627,0,,,,0.0,0.0,1
16502,504575.57810503175,7471531.5402168995,370.1599480324983,0,,,,0.0,0.0,1
16502,510353.073611903,7467725.471708218,318.74575135499515,0,,,,0.0,0.0,1
16502,513796.9209800717,7464136.315490515,329.9222124955644,0,,,,0.0,0.0,1
16502,513881.7320187676,7464097.195468625,331.1200580071447,0,,,,0.0,0.0,1
16502,517022.5522094416,7461599.070086017,364.7753353567246,0,,,,0.0,0.0,1
16502,517676.210101972,7459989.13625177,344.45748252262206,0,,,,0.0,0.0,1
16502,518343.91169084265,7457324.636812358,335.5242240154611,0,,,,0.0,0.0,1
7805,597357.815848395,7469096.768545229,641.2857865068407,0,,,,0.0,0.0,1
7805,596199.7943790071,7465631.96577693,687.2807598414977,0,,,,0.0,0.0,1
7805,596120.3313360356,7465338.606330718,689.7989928789975,0,,,,0.0,0.0,1
7805,595006.5403208858,7462867.6407435415,812.116543792174,0,,,,0.0,0.0,1
16825,530913.5015452625,7462067.589240983,424.6680648295325,0,,,,0.0,0.0,1
16825,526385.4165214883,7464240.981794879,467.6423377900426,0,,,,0.0,0.0,1
16825,521177.00837385794,7466316.475073837,510.5251056931564,0,,,,0.0,0.0,1
16825,519791.53949779796,7467192.680595755,470.18299983386805,0,,,,0.0,0.0,1
16825,514080.44052273117,7470609.795024255,344.77769334136855,0,,,,0.0,0.0,1
16825,508344.4750707687,7474515.754996004,393.3394939042497,0,,,,0.0,0.0,1
16825,505937.0553172298,7476240.171235841,434.88578360510513,0,,,,0.0,0.0,1
16744,602530.2946349538,7469114.69331272,605.1747414810243,0,,,,0.0,0.0,1
16744,597434.7412152784,7469652.211844847,632.6202884380725,0,,,,0.0,0.0,1
16744,592793.1928653943,7470126.061635233,646.0761763763904,0,,,,0.0,0.0,1
16744,589031.4309786143,7470304.345241648,667.4528336225203,0,,,,0.0,0.0,1
16744,586525.7653808205,7470687.908613049,649.626818588755,0,,,,0.0,0.0,1
16744,585007.8468378708,7470758.550106158,646.7926490113366,0,,,,0.0,0.0,1
16744,583818.1762460903,7470938.023051718,650.696031552131,0,,,,0.0,0.0,1
16744,579698.241603976,7470876.599400822,681.8824868170009,0,,,,0.0,0.0,1
16744,578847.5900507753,7470806.991541438,679.9025983054792,0,,,,0.0,0.0,1
16744,576264.2639682592,7470926.856123059,710.5225851038407,0,,,,0.0,0.0,1
16744,572428.355473859,7470808.577637005,695.8745460370803,0,,,,0.0,0.0,1
16744,571206.5065310572,7471051.241237515,890.7368806995053,0,,,,0.0,0.0,1
16744,567089.9021164469,7472497.588925929,1008.858871903437,0,,,,0.0,0.0,1
16744,564870.3116193583,7472914.1803582255,751.2546414143299,0,,,,0.0,0.0,1
16744,563123.6031455721,7472360.935989355,641.9854752876554,0,,,,0.0,0.0,1
16744,561948.0858667652,7471964.427290349,632.6477538082753,0,,,,0.0,0.0,1
15531,595328.1128738503,7475202.283863931,680.5310682191453,0,,,,0.0,0.0,1
15531,596221.513233575,7473823.854859063,671.5406067410188,0,,,,0.0,0.0,1
15531,594980.8183995074,7473027.559499454,621.3949929913322,0,,,,0.0,0.0,1
15531,594187.700341798,7472355.797560637,636.5413852355148,0,,,,0.0,0.0,1
15531,594282.5103962446,7472063.856108796,650.7709511079157,0,,,,0.0,0.0,1
15531,596735.79844393,7471296.390479366,616.532598644997,0,,,,0.0,0.0,1
15531,600417.0201468747,7471283.1479583895,606.1649360235152,0,,,,0.0,0.0,1
15531,602971.1598896442,7470604.049457657,596.6390825669487,0,,,,0.0,0.0,1
7966,523133.9746248658,7465382.517591492,473.18758779339976,0,,,,0.0,0.0,1
7966,520170.50259494985,7468223.647529063,385.0623768542493,0,,,,0.0,0.0,1
7966,514613.6634486501,7470968.640502692,358.5794462219108,0,,,,0.0,0.0,1
7966,513588.16937911836,7471828.46263155,350.5544509678559,0,,,,0.0,0.0,1
7966,509898.477318095,7474720.049236037,376.90982470258336,0,,,,0.0,0.0,1
7966,508153.68063035444,7477918.669158722,374.3410838452806,0,,,,0.0,0.0,1
7966,507962.64821112005,7478923.805946089,387.8696115781905,0,,,,0.0,0.0,1
16816,515461.2975714862,7469381.575476225,378.3808084088034,0,,,,0.0,0.0,1
16816,510282.2381705157,7470774.716561261,424.1945102385178,0,,,,0.0,0.0,1
16816,507249.00322353095,7472794.840555093,589.4221196879906,0,,,,0.0,0.0,1
16816,506804.96497518464,7473058.48819176,533.2836464732195,0,,,,0.0,0.0,1
16816,503420.39629009424,7473942.054841669,460.89761954443793,0,,,,0.0,0.0,1
16816,500101.6218484577,7475073.918718304,479.0536845131024,0,,,,0.0,0.0,1
17182,509881.865716673,7471035.149968725,458.5334008587917,0,,,,0.0,0.0,1
17182,506741.88508431724,7472073.755732992,448.6560480901281,0,,,,0.0,0.0,1
17182,505061.94997159566,7472917.364111069,478.06393553069,0,,,,0.0,0.0,1
17182,503869.3821377981,7473052.955275414,468.4588171665365,0,,,,0.0,0.0,1
17182,501113.8172790377,7474221.301109126,452.6401287630148,0,,,,0.0,0.0,1
17182,500013.9819696044,7474501.766819609,466.76547167480135,0,,,,0.0,0.0,1
12627,567001.8013142729,7475404.151744455,771.3023000456074,0,,,,0.0,0.0,1
12627,571078.790667514,7471812.426533834,909.4362100588746,0,,,,0.0,0.0,1
12627,571331.938144308,7471425.56453714,876.2862825289642,0,,,,0.0,0.0,1
12627,572144.3619413403,7470829.830898139,725.2125612110485,0,,,,0.0,0.0,1
16503,502206.37405994226,7478736.246784081,485.0553020514277,0,,,,0.0,0.0,1
16503,504658.17414368707,7477928.968594294,449.8943703141494,0,,,,0.0,0.0,1
16503,505938.00546982,7476276.067159339,434.88578360510513,0,,,,0.0,0.0,1
16503,506437.3331398513,7475286.831084429,446.5432990449237,0,,,,0.0,0.0,1
16503,509407.4978433233,7473565.209751748,385.7227032629878,0,,,,0.0,0.0,1
16503,509906.1083553384,7473366.193894835,379.82836412003365,0,,,,0.0,0.0,1
2229,517483.3298024187,7473060.116268496,383.672957976778,0,,,,0.0,0.0,1
2229,515631.4964192386,7476621.41461155,380.5892494363085,0,,,,0.0,0.0,1
2229,515240.923736592,7478060.0874376185,391.3797290133099,0,,,,0.0,0.0,1
2229,515071.94352039555,7478965.578371007,399.32706793741056,0,,,,0.0,0.0,1
7344,546445.4388024972,7455327.5851462595,478.77458668661234,0,,,,0.0,0.0,1
7344,544284.0632033972,7459340.59743741,430.95783580299405,0,,,,0.0,0.0,1
7344,540591.5667503015,7462285.3331135865,402.1318629875992,0,,,,0.0,0.0,1
7344,536084.3314343906,7464395.876907826,408.8626059951548,0,,,,0.0,0.0,1
7344,530856.4129151101,7465953.882317039,467.9209807973456,0,,,,0.0,0.0,1
7344,523278.25459159067,7469232.377405744,445.1518964986428,0,,,,0.0,0.0,1
7344,517523.8325694806,7473029.989827501,383.672957976778,0,,,,0.0,0.0,1
7344,512291.24151401996,7478267.195507131,384.23475335657145,0,,,,0.0,0.0,1
7344,511805.84584108787,7478854.959150573,388.78375137784064,0,,,,0.0,0.0,1
7344,509513.5970589017,7484449.778018679,436.68762678194656,0,,,,0.0,0.0,1
7344,507444.9829709285,7488321.711493472,603.9988827017389,0,,,,0.0,0.0,1
7344,506326.3823437257,7491243.088802005,597.0448402505838,0,,,,0.0,0.0,1
7344,505088.1662708399,7494210.235240188,602.8738989969254,0,,,,0.0,0.0,1
7344,503480.1186303528,7496892.659004356,498.3843890462204,0,,,,0.0,0.0,1
7344,501121.72789238504,7500034.741633882,479.374210152846,0,,,,0.0,0.0,1
7344,500351.9747418249,7502185.780823742,449.7049918269355,0,,,,0.0,0.0,1
6519,564035.7351077616,7481612.921226615,782.6696148828775,0,,,,0.0,0.0,1
6519,568330.8527178228,7478662.415834247,682.9076194804618,0,,,,0.0,0.0,1
6519,569932.2412039556,7476005.973447961,740.6571763312729,0,,,,0.0,0.0,1
6519,571089.2464431891,7474543.345363552,753.5803680313769,0,,,,0.0,0.0,1
6519,573832.3260214269,7472302.403450714,689.542234058684,0,,,,0.0,0.0,1
6519,574378.5027386833,7471854.55342445,699.7395511296858,0,,,,0.0,0.0,1
958,505734.65872109553,7474218.305623003,464.76603739806666,0,,,,0.0,0.0,1
958,502924.6871597279,7476837.077365137,493.7491609763647,0,,,,0.0,0.0,1
958,502225.43245576514,7478739.48643392,487.9741442378254,0,,,,0.0,0.0,1
958,501785.6076656739,7479846.65156196,499.49634294606506,0,,,,0.0,0.0,1
958,500247.09919765586,7482676.918367192,614.2076160331083,0,,,,0.0,0.0,1
958,500030.0072626292,7482900.921429278,604.0552719791394,0,,,,0.0,0.0,1
6825,568703.8717928223,7497151.083973357,641.0486071868131,0,,,,0.0,0.0,1
6825,570639.252093448,7495845.213202646,652.8581006073318,0,,,,0.0,0.0,1
6825,577062.4632810244,7491275.6926242085,698.6765112836775,0,,,,0.0,0.0,1
6825,582726.2150220516,7485667.562940264,758.5534195376521,0,,,,0.0,0.0,1
6825,589281.3865056341,7482829.590523396,702.4925530772202,0,,,,0.0,0.0,1
6825,592188.8771734044,7482418.957778452,680.2186861674481,0,,,,0.0,0.0,1
6825,592882.316221049,7482330.02187742,658.5828415145481,0,,,,0.0,0.0,1
6825,594291.1475370027,7480895.961980825,642.5001456031675,0,,,,0.0,0.0,1
6825,594987.7600363658,7480002.292941084,637.6140366950623,0,,,,0.0,0.0,1
6825,598136.129573612,7479294.533577116,625.795148663993,0,,,,0.0,0.0,1
6825,601087.9010995084,7478214.382241724,619.8508002400162,0,,,,0.0,0.0,1
6825,602977.1852689236,7477116.081917446,612.7546512932465,0,,,,0.0,0.0,1
7436,524643.3950619311,7480098.454115007,397.9589492269256,0,,,,0.0,0.0,1
7436,529748.1759916083,7480906.319184885,415.9071524868044,0,,,,0.0,0.0,1
7436,537690.6572539583,7480695.092464336,440.2162469898478,0,,,,0.0,0.0,1
7436,538374.7831166317,7480451.327720791,452.5108753208149,0,,,,0.0,0.0,1
7436,540854.9132221184,7480959.213775875,466.9310624650786,0,,,,0.0,0.0,1
7436,543537.3835603956,7479722.384222578,473.25294522783423,0,,,,0.0,0.0,1
7436,544985.4963849171,7478528.136279108,461.8418699984372,0,,,,0.0,0.0,1
2996,593953.8266700354,7481253.531666906,650.3662354046648,0,,,,0.0,0.0,1
2996,591199.8455895549,7481703.193507099,677.4273419571982,0,,,,0.0,0.0,1
2996,587772.9797620408,7481037.6360819535,705.2088044199945,0,,,,0.0,0.0,1
2996,582229.3232199735,7480682.738161977,816.9251193218594,0,,,,0.0,0.0,1
2996,581323.3153770864,7480778.616476575,824.0401424968788,0,,,,0.0,0.0,1
2996,578196.0886176351,7480633.216157142,744.8821581867512,0,,,,0.0,0.0,1
2996,573154.2440889608,7480414.825322062,676.189959421202,0,,,,0.0,0.0,1
2996,572759.9031156874,7478749.359678051,679.3394840054945,0,,,,0.0,0.0,1
16754,567001.6050076536,7478210.082827047,710.3655032706833,0,,,,0.0,0.0,1
16754,565435.0556265458,7479090.55783307,816.479190201765,0,,,,0.0,0.0,1
16754,560354.7960225125,7482646.780868853,660.5656407560657,0,,,,0.0,0.0,1
2840,571324.6803262628,7485580.482965768,631.4214171998198,0,,,,0.0,0.0,1
2840,575059.1514829217,7482008.68748728,802.1106992949393,0,,,,0.0,0.0,1
2840,575901.0187008291,7481561.667284631,731.3582457508951,0,,,,0.0,0.0,1
2840,578000.270198298,7480960.818496582,751.9512247806517,0,,,,0.0,0.0,1
2840,579516.4001731331,7480620.392741644,770.8172246088791,0,,,,0.0,0.0,1
7967,507944.253530258,7478895.846661412,387.8696115781905,0,,,,0.0,0.0,1
7967,506833.7609245901,7482469.649649884,424.23457693190096,0,,,,0.0,0.0,1
7967,505873.29146149586,7484644.850848035,436.1523913239074,0,,,,0.0,0.0,1
7967,504856.18497170304,7486838.363261352,474.5766816246181,0,,,,0.0,0.0,1
7967,504899.9947164004,7488458.974972064,609.8195982479979,0,,,,0.0,0.0,1
17127,500069.7587306667,7460609.730054519,283.38533380635573,0,,,,0.0,0.0,1
17127,508045.78025480395,7458961.326504777,299.23981561205363,0,,,,0.0,0.0,1
17127,509548.95818298234,7458676.456780375,302.4249167670535,0,,,,0.0,0.0,1
17127,512797.0648381846,7458106.030867935,318.1683455131322,0,,,,0.0,0.0,1
17127,518892.3202125874,7456355.598575715,330.49237749998406,0,,,,0.0,0.0,1
17127,519125.3226711427,7455924.753105452,336.3165400080355,0,,,,0.0,0.0,1
6522,507936.3155228433,7487328.084260244,494.9480687672841,0,,,,0.0,0.0,1
6522,508352.7647168565,7485064.470128608,463.96137874515045,0,,,,0.0,0.0,1
6522,508477.23525159,7484585.394922098,456.21512678234535,0,,,,0.0,0.0,1
6522,509269.3311057125,7482473.59462603,434.65441273473016,0,,,,0.0,0.0,1
10762,521359.1732780872,7482669.128126208,451.7673461084949,0,,,,0.0,0.0,1
10762,518830.15661214886,7485015.726800782,520.4260359543582,0,,,,0.0,0.0,1
10762,517741.036438632,7485701.074207854,763.91295294145,0,,,,0.0,0.0,1
10762,515379.802005097,7486990.385537401,563.1406759888008,0,,,,0.0,0.0,1
10762,513576.7380626003,7487641.653290042,508.7062446009835,0,,,,0.0,0.0,1
8551,581048.1459569233,7480817.666046727,821.9829680983573,0,,,,0.0,0.0,1
8551,578442.6312085232,7482145.764693109,874.0167176173561,0,,,,0.0,0.0,1
8551,576438.5943239516,7483716.057572448,748.3381494074912,0,,,,0.0,0.0,1
8551,575930.6508886165,7484408.603400793,721.3166365596034,0,,,,0.0,0.0,1
8551,575054.3056923124,7486855.984945264,804.6353756853953,0,,,,0.0,0.0,1
8551,573755.0346291179,7488654.104251793,653.7522978578677,0,,,,0.0,0.0,1
8551,569888.2204709693,7490579.305332663,633.6660310209669,0,,,,0.0,0.0,1
7099,517923.36641962297,7488399.986523165,570.9940181495076,0,,,,0.0,0.0,1
7099,520218.9023131079,7485377.97188367,643.755667507731,0,,,,0.0,0.0,1
7099,521948.400511614,7483571.897656746,516.3085149385486,0,,,,0.0,0.0,1
7099,522265.84565160057,7483264.019156708,459.9406050323794,0,,,,0.0,0.0,1
7439,560073.4508269392,7479654.207717826,644.9098565887881,0,,,,0.0,0.0,1
7439,557457.3972284114,7481550.216627379,584.3559674032781,0,,,,0.0,0.0,1
7439,551247.0519027554,7485605.08179466,542.2941633162541,0,,,,0.0,0.0,1
7439,546503.0467621428,7487255.016118478,660.1551734704499,0,,,,0.0,0.0,1
7439,542535.9959085705,7488810.566120543,812.4307089553652,0,,,,0.0,0.0,1
7439,541705.4297257396,7489276.718057073,625.5938507109465,0,,,,0.0,0.0,1
7439,537382.5027270433,7490631.166355135,492.6880105312679,0,,,,0.0,0.0,1
7439,532247.9061933685,7491840.171574735,522.2884041256902,0,,,,0.0,0.0,1
7439,528373.7456196748,7492750.474693758,468.45652692813553,0,,,,0.0,0.0,1
7439,527473.3840975696,7492902.784235995,482.669558457972,0,,,,0.0,0.0,1
5997,500028.61711956887,7490210.117507638,604.5719705282856,0,,,,0.0,0.0,1
5997,502934.58858195966,7487229.323353904,525.5279596873606,0,,,,0.0,0.0,1
5997,504332.9784476698,7485855.38685984,453.38924456593816,0,,,,0.0,0.0,1
5997,505411.24380632903,7484149.383158704,437.0128700658135,0,,,,0.0,0.0,1
5997,506714.0467332337,7481664.186753392,437.6053929080786,0,,,,0.0,0.0,1
5997,507131.86621914164,7481356.27365729,420.1513274243202,0,,,,0.0,0.0,1
5993,546511.5891677521,7487283.111239882,660.1551734704499,0,,,,0.0,0.0,1
5993,543912.4780030057,7489405.071204088,889.7772276172198,0,,,,0.0,0.0,1
5993,543023.2936665834,7490102.701278585,660.1633246704585,0,,,,0.0,0.0,1
5993,542550.6152048332,7490719.343032465,605.5059926947014,0,,,,0.0,0.0,1
5993,541907.7464195328,7492762.85460659,532.0042248904152,0,,,,0.0,0.0,1
5993,541950.170142939,7493269.639932834,549.2275235539195,0,,,,0.0,0.0,1
12642,561875.1648051662,7495650.45393801,603.6002693992011,0,,,,0.0,0.0,1
12642,566192.9930996436,7494818.769427584,639.4512083059285,0,,,,0.0,0.0,1
12642,566356.5412753322,7494767.864964918,637.9356857261071,0,,,,0.0,0.0,1
12642,569606.5345338879,7490310.386377783,623.9982726710704,0,,,,0.0,0.0,1
12642,571323.5294527118,7485617.577866289,631.4214171998198,0,,,,0.0,0.0,1
6205,511852.12900908774,7478926.3599474905,388.78375137784064,0,,,,0.0,0.0,1
6205,508607.36140887334,7481618.315792819,428.655672093591,0,,,,0.0,0.0,1
6205,507270.4252620828,7484844.15678646,440.9658277459603,0,,,,0.0,0.0,1
6205,505947.0182641812,7487095.803803591,510.7040350684707,0,,,,0.0,0.0,1
6205,505854.78158999776,7487178.519572246,504.44526743797815,0,,,,0.0,0.0,1
6205,504599.79758313333,7488715.206987386,671.0423608385126,0,,,,0.0,0.0,1
6205,503238.85071871855,7490789.369456273,589.8266118769,0,,,,0.0,0.0,1
6205,501385.4354436562,7494534.971031654,562.4934991253467,0,,,,0.0,0.0,1
6205,500003.24706839194,7495559.07039404,522.1702659448754,0,,,,0.0,0.0,1
